family_country,year,kind_adjusted,n,top_ten
AP,1997,A,1,FALSE
AP,1998,A,1,FALSE
AP,2e3,A,1,FALSE
AP,2003,A,1,FALSE
AP,2004,A,1,FALSE
AP,2008,A,2,FALSE
AP,2009,A,2,FALSE
AP,2010,A,1,FALSE
AP,2011,A,2,FALSE
AP,2012,A,2,FALSE
AP,2013,A,2,FALSE
AP,2015,A,4,FALSE
AP,2016,A,4,FALSE
AP,2017,A,2,FALSE
AR,1980,A,1,FALSE
AR,1990,A,1,FALSE
AR,1994,A,1,FALSE
AR,1998,A,2,FALSE
AR,1999,A,5,FALSE
AR,2e3,A,1,FALSE
AR,2001,A,2,FALSE
AR,2002,A,5,FALSE
AR,2003,A,2,FALSE
AR,2005,A,2,FALSE
AR,2006,A,1,FALSE
AR,2007,A,1,FALSE
AR,2008,A,1,FALSE
AR,2011,A,2,FALSE
AR,2013,A,4,FALSE
AR,2014,A,2,FALSE
AR,2015,A,2,FALSE
AR,2016,A,11,FALSE
AR,2017,A,15,FALSE
AT,1968,B,1,FALSE
AT,1972,B,1,FALSE
AT,1978,A,1,FALSE
AT,1979,B,1,FALSE
AT,1985,B,2,FALSE
AT,1986,B,1,FALSE
AT,1989,B,2,FALSE
AT,1990,B,2,FALSE
AT,1991,B,1,FALSE
AT,1992,B,8,FALSE
AT,1993,B,4,FALSE
AT,1994,B,6,FALSE
AT,1995,A,1,FALSE
AT,1995,B,6,FALSE
AT,1996,B,6,FALSE
AT,1997,B,6,FALSE
AT,1998,B,3,FALSE
AT,1999,B,2,FALSE
AT,2e3,B,6,FALSE
AT,2001,B,6,FALSE
AT,2002,A,3,FALSE
AT,2002,B,6,FALSE
AT,2003,A,2,FALSE
AT,2003,B,16,FALSE
AT,2004,B,6,FALSE
AT,2005,A,1,FALSE
AT,2005,B,7,FALSE
AT,2006,B,15,FALSE
AT,2007,B,19,FALSE
AT,2008,B,24,FALSE
AT,2009,B,22,FALSE
AT,2010,B,26,FALSE
AT,2011,B,20,FALSE
AT,2012,B,10,FALSE
AT,2014,A,1,FALSE
AT,2016,A,1,FALSE
AT,2016,U,2,FALSE
AU,1948,B,1,TRUE
AU,1974,A,1,TRUE
AU,1975,B,1,TRUE
AU,1976,A,1,TRUE
AU,1978,B,1,TRUE
AU,1979,A,8,TRUE
AU,1980,A,1,TRUE
AU,1980,B,2,TRUE
AU,1981,A,3,TRUE
AU,1982,A,1,TRUE
AU,1982,B,4,TRUE
AU,1983,A,2,TRUE
AU,1983,B,2,TRUE
AU,1984,A,1,TRUE
AU,1984,B,2,TRUE
AU,1985,A,1,TRUE
AU,1985,B,2,TRUE
AU,1986,A,2,TRUE
AU,1987,A,4,TRUE
AU,1988,A,9,TRUE
AU,1988,B,1,TRUE
AU,1989,A,6,TRUE
AU,1990,A,5,TRUE
AU,1990,B,4,TRUE
AU,1991,A,8,TRUE
AU,1991,B,3,TRUE
AU,1992,A,7,TRUE
AU,1992,B,6,TRUE
AU,1993,A,3,TRUE
AU,1993,B,3,TRUE
AU,1994,A,8,TRUE
AU,1994,B,7,TRUE
AU,1995,A,8,TRUE
AU,1995,B,2,TRUE
AU,1996,A,15,TRUE
AU,1996,B,4,TRUE
AU,1996,D,1,TRUE
AU,1997,A,10,TRUE
AU,1997,B,2,TRUE
AU,1997,D,148,TRUE
AU,1998,A,26,TRUE
AU,1998,B,9,TRUE
AU,1998,D,63,TRUE
AU,1999,A,57,TRUE
AU,1999,B,8,TRUE
AU,1999,D,5,TRUE
AU,2e3,A,40,TRUE
AU,2e3,B,5,TRUE
AU,2e3,D,1,TRUE
AU,2001,A,148,TRUE
AU,2001,B,5,TRUE
AU,2002,A,55,TRUE
AU,2002,B,7,TRUE
AU,2002,C,1,TRUE
AU,2002,D,1,TRUE
AU,2003,A,81,TRUE
AU,2003,B,7,TRUE
AU,2003,D,1,TRUE
AU,2004,A,54,TRUE
AU,2004,B,26,TRUE
AU,2005,A,33,TRUE
AU,2005,B,28,TRUE
AU,2006,A,28,TRUE
AU,2006,B,19,TRUE
AU,2007,A,28,TRUE
AU,2007,B,13,TRUE
AU,2008,A,36,TRUE
AU,2008,B,23,TRUE
AU,2009,A,23,TRUE
AU,2009,B,10,TRUE
AU,2009,C,1,TRUE
AU,2010,A,26,TRUE
AU,2010,B,14,TRUE
AU,2010,C,1,TRUE
AU,2011,A,9,TRUE
AU,2011,B,13,TRUE
AU,2011,C,1,TRUE
AU,2012,A,42,TRUE
AU,2012,B,14,TRUE
AU,2013,A,60,TRUE
AU,2013,B,12,TRUE
AU,2014,A,52,TRUE
AU,2014,B,33,TRUE
AU,2014,C,2,TRUE
AU,2015,A,92,TRUE
AU,2015,B,29,TRUE
AU,2016,A,138,TRUE
AU,2016,B,63,TRUE
AU,2016,C,1,TRUE
AU,2017,A,165,TRUE
AU,2017,B,76,TRUE
BE,1960,A,1,FALSE
BE,1962,A,2,FALSE
BE,1964,A,1,FALSE
BE,1966,A,1,FALSE
BE,1968,A,2,FALSE
BE,1975,A,2,FALSE
BE,1978,A,1,FALSE
BE,1986,A,1,FALSE
BE,1987,A,1,FALSE
BE,1994,A,1,FALSE
BE,2017,B,1,FALSE
BE,NA,A,1,FALSE
BG,1982,A,1,FALSE
BG,1989,A,3,FALSE
BG,1993,A,1,FALSE
BG,1998,A,2,FALSE
BG,1999,A,1,FALSE
BG,2001,B,1,FALSE
BG,2002,B,1,FALSE
BG,2003,A,2,FALSE
BG,2003,B,1,FALSE
BG,2005,B,1,FALSE
BG,2017,A,1,FALSE
BG,2017,U,1,FALSE
BR,1975,D,2,FALSE
BR,1978,A,5,FALSE
BR,1979,A,3,FALSE
BR,1980,A,1,FALSE
BR,1981,A,3,FALSE
BR,1983,A,1,FALSE
BR,1984,A,1,FALSE
BR,1985,A,1,FALSE
BR,1986,A,1,FALSE
BR,1987,A,1,FALSE
BR,1988,A,1,FALSE
BR,1989,A,1,FALSE
BR,1991,A,1,FALSE
BR,1993,A,1,FALSE
BR,1995,A,2,FALSE
BR,1997,A,3,FALSE
BR,1998,A,1,FALSE
BR,1999,A,5,FALSE
BR,2e3,A,11,FALSE
BR,2001,A,6,FALSE
BR,2002,A,5,FALSE
BR,2003,A,3,FALSE
BR,2004,A,2,FALSE
BR,2006,A,5,FALSE
BR,2007,A,6,FALSE
BR,2008,A,3,FALSE
BR,2009,A,2,FALSE
BR,2009,B,3,FALSE
BR,2010,A,1,FALSE
BR,2011,A,18,FALSE
BR,2012,A,3,FALSE
BR,2012,B,3,FALSE
BR,2013,A,1,FALSE
BR,2014,A,4,FALSE
BR,2015,A,19,FALSE
BR,2015,B,1,FALSE
BR,2016,A,54,FALSE
BR,2017,A,15,FALSE
BR,2017,B,1,FALSE
CA,1975,A,3,TRUE
CA,1976,A,1,TRUE
CA,1977,A,2,TRUE
CA,1979,A,1,TRUE
CA,1980,A,4,TRUE
CA,1981,A,6,TRUE
CA,1982,A,6,TRUE
CA,1983,A,8,TRUE
CA,1985,A,3,TRUE
CA,1986,A,2,TRUE
CA,1988,A,3,TRUE
CA,1989,A,3,TRUE
CA,1990,A,10,TRUE
CA,1991,A,6,TRUE
CA,1991,C,7,TRUE
CA,1992,A,10,TRUE
CA,1992,C,6,TRUE
CA,1993,A,2,TRUE
CA,1993,C,3,TRUE
CA,1994,A,5,TRUE
CA,1994,C,5,TRUE
CA,1995,A,7,TRUE
CA,1995,C,3,TRUE
CA,1996,A,13,TRUE
CA,1997,A,8,TRUE
CA,1998,A,23,TRUE
CA,1998,C,1,TRUE
CA,1999,A,59,TRUE
CA,1999,C,2,TRUE
CA,2e3,A,30,TRUE
CA,2e3,C,5,TRUE
CA,2001,A,94,TRUE
CA,2001,C,2,TRUE
CA,2002,A,35,TRUE
CA,2002,C,3,TRUE
CA,2003,A,41,TRUE
CA,2003,C,3,TRUE
CA,2004,A,26,TRUE
CA,2004,C,4,TRUE
CA,2005,A,28,TRUE
CA,2005,C,7,TRUE
CA,2006,A,41,TRUE
CA,2006,C,12,TRUE
CA,2007,A,42,TRUE
CA,2007,C,5,TRUE
CA,2007,S,1,TRUE
CA,2008,A,24,TRUE
CA,2008,C,11,TRUE
CA,2009,A,22,TRUE
CA,2009,C,18,TRUE
CA,2010,A,30,TRUE
CA,2010,C,16,TRUE
CA,2011,A,65,TRUE
CA,2011,C,12,TRUE
CA,2012,A,80,TRUE
CA,2012,C,7,TRUE
CA,2013,A,62,TRUE
CA,2013,C,13,TRUE
CA,2013,S,2,TRUE
CA,2014,A,108,TRUE
CA,2014,C,21,TRUE
CA,2015,A,135,TRUE
CA,2015,C,18,TRUE
CA,2016,A,156,TRUE
CA,2016,C,29,TRUE
CA,2016,S,1,TRUE
CA,2017,A,54,TRUE
CA,2017,C,44,TRUE
CA,2017,S,8,TRUE
CH,1963,A,1,FALSE
CH,1964,A,1,FALSE
CH,1965,A,1,FALSE
CH,1966,A,2,FALSE
CH,1967,A,1,FALSE
CH,1968,A,1,FALSE
CH,1978,A,1,FALSE
CH,1994,A,1,FALSE
CH,2004,A,1,FALSE
CH,2014,A,2,FALSE
CH,2015,A,1,FALSE
CH,2016,A,2,FALSE
CH,2017,A,3,FALSE
CL,2013,A,1,FALSE
CL,2014,A,1,FALSE
CL,2015,A,3,FALSE
CL,2016,A,3,FALSE
CL,2017,A,2,FALSE
CN,1986,A,1,TRUE
CN,1987,A,1,TRUE
CN,1988,A,2,TRUE
CN,1989,B,1,TRUE
CN,1990,A,1,TRUE
CN,1990,B,1,TRUE
CN,1993,C,1,TRUE
CN,1994,A,2,TRUE
CN,1995,A,2,TRUE
CN,1997,A,3,TRUE
CN,1998,A,3,TRUE
CN,1999,A,7,TRUE
CN,1999,C,3,TRUE
CN,2e3,A,3,TRUE
CN,2001,A,11,TRUE
CN,2001,C,2,TRUE
CN,2002,A,3,TRUE
CN,2002,C,1,TRUE
CN,2003,A,10,TRUE
CN,2003,C,6,TRUE
CN,2004,A,14,TRUE
CN,2004,C,5,TRUE
CN,2005,A,35,TRUE
CN,2005,C,6,TRUE
CN,2006,A,23,TRUE
CN,2006,C,4,TRUE
CN,2007,A,29,TRUE
CN,2007,C,15,TRUE
CN,2008,A,34,TRUE
CN,2008,C,7,TRUE
CN,2009,A,93,TRUE
CN,2009,C,15,TRUE
CN,2010,A,95,TRUE
CN,2010,B,15,TRUE
CN,2010,C,1,TRUE
CN,2011,A,100,TRUE
CN,2011,B,35,TRUE
CN,2012,A,109,TRUE
CN,2012,B,82,TRUE
CN,2012,U,2,TRUE
CN,2013,A,107,TRUE
CN,2013,B,94,TRUE
CN,2013,U,2,TRUE
CN,2014,A,74,TRUE
CN,2014,B,44,TRUE
CN,2014,U,9,TRUE
CN,2015,A,159,TRUE
CN,2015,B,85,TRUE
CN,2015,U,22,TRUE
CN,2016,A,226,TRUE
CN,2016,B,74,TRUE
CN,2016,U,25,TRUE
CN,2017,A,450,TRUE
CN,2017,B,78,TRUE
CN,2017,U,9,TRUE
CO,2001,A,2,FALSE
CO,2010,A,1,FALSE
CO,2011,A,1,FALSE
CO,2013,A,1,FALSE
CO,2015,A,1,FALSE
CR,2007,A,1,FALSE
CR,2008,A,2,FALSE
CR,2009,A,2,FALSE
CR,2013,A,1,FALSE
CR,2014,A,1,FALSE
CR,2016,A,1,FALSE
CS,1988,A,1,FALSE
CU,2012,A,1,FALSE
CU,2014,B,1,FALSE
CY,1994,A,1,FALSE
CY,2014,B,3,FALSE
CY,2015,B,2,FALSE
CY,2016,B,1,FALSE
CY,2017,B,3,FALSE
CZ,1996,B,1,FALSE
CZ,1997,A,1,FALSE
CZ,1998,A,2,FALSE
CZ,1999,A,2,FALSE
CZ,2e3,A,2,FALSE
CZ,2001,A,3,FALSE
CZ,2002,B,1,FALSE
CZ,2003,A,1,FALSE
CZ,2003,B,3,FALSE
CZ,2004,B,2,FALSE
CZ,2005,B,1,FALSE
CZ,2009,B,1,FALSE
CZ,2014,A,1,FALSE
CZ,2014,B,1,FALSE
CZ,2015,U,1,FALSE
CZ,2016,A,1,FALSE
CZ,2016,B,1,FALSE
CZ,2016,U,3,FALSE
CZ,2017,U,1,FALSE
DD,1985,A,1,FALSE
DD,1986,A,1,FALSE
DD,1990,A,1,FALSE
DE,1951,C,1,TRUE
DE,1964,B,2,TRUE
DE,1965,B,1,TRUE
DE,1966,B,1,TRUE
DE,1968,A,1,TRUE
DE,1969,A,3,TRUE
DE,1969,B,1,TRUE
DE,1970,A,6,TRUE
DE,1970,B,1,TRUE
DE,1971,A,4,TRUE
DE,1972,A,1,TRUE
DE,1973,A,2,TRUE
DE,1973,B,1,TRUE
DE,1974,A,3,TRUE
DE,1974,B,1,TRUE
DE,1974,C,2,TRUE
DE,1975,A,2,TRUE
DE,1976,A,1,TRUE
DE,1976,B,2,TRUE
DE,1977,A,1,TRUE
DE,1978,A,8,TRUE
DE,1978,B,1,TRUE
DE,1979,A,5,TRUE
DE,1979,B,3,TRUE
DE,1979,C,2,TRUE
DE,1980,A,3,TRUE
DE,1980,B,1,TRUE
DE,1980,C,1,TRUE
DE,1981,A,2,TRUE
DE,1981,B,1,TRUE
DE,1981,C,1,TRUE
DE,1981,U,1,TRUE
DE,1982,A,2,TRUE
DE,1982,C,2,TRUE
DE,1982,D,3,TRUE
DE,1983,A,5,TRUE
DE,1983,D,1,TRUE
DE,1984,C,3,TRUE
DE,1984,D,1,TRUE
DE,1985,A,7,TRUE
DE,1985,C,6,TRUE
DE,1985,D,4,TRUE
DE,1986,A,5,TRUE
DE,1986,C,2,TRUE
DE,1986,D,2,TRUE
DE,1987,A,4,TRUE
DE,1987,C,2,TRUE
DE,1988,A,3,TRUE
DE,1988,C,2,TRUE
DE,1988,D,3,TRUE
DE,1989,C,4,TRUE
DE,1989,D,3,TRUE
DE,1990,A,4,TRUE
DE,1990,C,1,TRUE
DE,1990,D,4,TRUE
DE,1991,A,1,TRUE
DE,1991,C,2,TRUE
DE,1991,D,6,TRUE
DE,1992,B,3,TRUE
DE,1992,C,5,TRUE
DE,1992,D,8,TRUE
DE,1993,A,2,TRUE
DE,1993,B,4,TRUE
DE,1993,C,3,TRUE
DE,1993,D,8,TRUE
DE,1993,U,1,TRUE
DE,1994,A,3,TRUE
DE,1994,B,9,TRUE
DE,1994,C,3,TRUE
DE,1994,D,12,TRUE
DE,1995,A,3,TRUE
DE,1995,B,7,TRUE
DE,1995,D,6,TRUE
DE,1995,U,1,TRUE
DE,1996,A,4,TRUE
DE,1996,B,10,TRUE
DE,1996,C,1,TRUE
DE,1996,D,11,TRUE
DE,1997,A,2,TRUE
DE,1997,B,6,TRUE
DE,1997,C,1,TRUE
DE,1997,D,10,TRUE
DE,1998,A,4,TRUE
DE,1998,B,6,TRUE
DE,1998,C,4,TRUE
DE,1998,D,8,TRUE
DE,1999,A,3,TRUE
DE,1999,B,7,TRUE
DE,1999,C,1,TRUE
DE,1999,D,8,TRUE
DE,2e3,A,3,TRUE
DE,2e3,B,5,TRUE
DE,2e3,C,2,TRUE
DE,2e3,D,7,TRUE
DE,2001,A,2,TRUE
DE,2001,B,4,TRUE
DE,2001,C,2,TRUE
DE,2001,D,7,TRUE
DE,2002,A,6,TRUE
DE,2002,B,7,TRUE
DE,2002,C,1,TRUE
DE,2002,D,14,TRUE
DE,2003,A,4,TRUE
DE,2003,B,19,TRUE
DE,2003,C,6,TRUE
DE,2003,D,22,TRUE
DE,2004,A,5,TRUE
DE,2004,B,22,TRUE
DE,2004,D,13,TRUE
DE,2005,A,4,TRUE
DE,2005,B,6,TRUE
DE,2005,D,16,TRUE
DE,2006,A,9,TRUE
DE,2006,B,22,TRUE
DE,2006,D,22,TRUE
DE,2006,U,1,TRUE
DE,2007,A,10,TRUE
DE,2007,B,18,TRUE
DE,2007,D,25,TRUE
DE,2007,U,1,TRUE
DE,2008,A,7,TRUE
DE,2008,B,11,TRUE
DE,2008,D,35,TRUE
DE,2008,U,4,TRUE
DE,2009,A,5,TRUE
DE,2009,B,8,TRUE
DE,2009,D,30,TRUE
DE,2009,U,3,TRUE
DE,2010,A,10,TRUE
DE,2010,B,5,TRUE
DE,2010,D,33,TRUE
DE,2011,A,7,TRUE
DE,2011,B,6,TRUE
DE,2011,D,10,TRUE
DE,2011,U,2,TRUE
DE,2012,A,11,TRUE
DE,2012,B,8,TRUE
DE,2012,U,1,TRUE
DE,2013,A,11,TRUE
DE,2013,B,5,TRUE
DE,2013,U,2,TRUE
DE,2014,A,13,TRUE
DE,2014,B,17,TRUE
DE,2015,A,30,TRUE
DE,2015,B,7,TRUE
DE,2015,U,3,TRUE
DE,2016,A,37,TRUE
DE,2016,B,6,TRUE
DE,2016,U,10,TRUE
DE,2017,A,58,TRUE
DE,2017,B,10,TRUE
DE,2017,U,7,TRUE
DK,1902,C,1,FALSE
DK,1975,A,1,FALSE
DK,1978,B,1,FALSE
DK,1979,A,3,FALSE
DK,1979,C,1,FALSE
DK,1981,A,2,FALSE
DK,1982,A,1,FALSE
DK,1982,B,1,FALSE
DK,1982,C,1,FALSE
DK,1983,A,2,FALSE
DK,1983,D,2,FALSE
DK,1984,B,1,FALSE
DK,1984,C,1,FALSE
DK,1984,D,1,FALSE
DK,1985,A,3,FALSE
DK,1985,D,3,FALSE
DK,1986,A,1,FALSE
DK,1986,D,1,FALSE
DK,1987,A,3,FALSE
DK,1987,D,5,FALSE
DK,1988,A,6,FALSE
DK,1988,D,5,FALSE
DK,1989,A,3,FALSE
DK,1989,D,2,FALSE
DK,1990,A,3,FALSE
DK,1990,D,3,FALSE
DK,1993,B,1,FALSE
DK,1994,A,1,FALSE
DK,1994,B,2,FALSE
DK,1995,B,2,FALSE
DK,1996,B,2,FALSE
DK,1997,B,3,FALSE
DK,1998,B,1,FALSE
DK,1999,B,5,FALSE
DK,2e3,B,4,FALSE
DK,2001,A,1,FALSE
DK,2001,B,2,FALSE
DK,2002,B,4,FALSE
DK,2003,B,8,FALSE
DK,2004,B,4,FALSE
DK,2005,B,2,FALSE
DK,2006,B,2,FALSE
DK,2008,B,3,FALSE
DK,2009,B,1,FALSE
DK,2010,B,2,FALSE
DK,2011,B,5,FALSE
DK,2012,A,2,FALSE
DK,2012,B,2,FALSE
DK,2013,B,3,FALSE
DK,2014,A,1,FALSE
DK,2014,B,5,FALSE
DK,2015,A,3,FALSE
DK,2015,B,6,FALSE
DK,2016,A,10,FALSE
DK,2016,B,8,FALSE
DK,2017,A,20,FALSE
DK,2017,B,15,FALSE
DO,2008,A,2,FALSE
DO,2012,A,1,FALSE
DO,2017,A,1,FALSE
EA,1997,A,1,FALSE
EA,1998,B,1,FALSE
EA,1999,A,1,FALSE
EA,2e3,A,1,FALSE
EA,2e3,B,1,FALSE
EA,2001,A,1,FALSE
EA,2002,A,1,FALSE
EA,2002,B,1,FALSE
EA,2003,B,1,FALSE
EA,2004,A,3,FALSE
EA,2005,B,2,FALSE
EA,2006,A,3,FALSE
EA,2007,A,4,FALSE
EA,2008,A,1,FALSE
EA,2008,B,1,FALSE
EA,2009,B,2,FALSE
EA,2010,A,1,FALSE
EA,2010,B,1,FALSE
EA,2011,A,3,FALSE
EA,2012,A,3,FALSE
EA,2012,B,1,FALSE
EA,2013,A,8,FALSE
EA,2013,B,1,FALSE
EA,2014,A,5,FALSE
EA,2014,B,2,FALSE
EA,2015,A,14,FALSE
EA,2015,B,4,FALSE
EA,2016,A,17,FALSE
EA,2016,B,3,FALSE
EA,2017,A,5,FALSE
EA,2017,B,9,FALSE
EC,2006,A,1,FALSE
EC,2011,A,1,FALSE
EC,2012,A,1,FALSE
EE,2e3,A,1,FALSE
EE,2001,B,1,FALSE
EE,2003,A,3,FALSE
EE,2003,B,1,FALSE
EG,1995,A,1,FALSE
EG,2011,A,2,FALSE
EG,2013,A,1,FALSE
EP,1979,A,3,TRUE
EP,1980,A,2,TRUE
EP,1981,A,7,TRUE
EP,1981,B,2,TRUE
EP,1982,A,4,TRUE
EP,1982,B,1,TRUE
EP,1983,A,5,TRUE
EP,1983,B,1,TRUE
EP,1984,A,1,TRUE
EP,1984,B,4,TRUE
EP,1985,A,14,TRUE
EP,1985,B,4,TRUE
EP,1986,A,14,TRUE
EP,1986,B,1,TRUE
EP,1987,A,11,TRUE
EP,1987,B,1,TRUE
EP,1988,A,31,TRUE
EP,1988,B,4,TRUE
EP,1989,A,22,TRUE
EP,1989,B,3,TRUE
EP,1990,A,21,TRUE
EP,1990,B,6,TRUE
EP,1991,A,15,TRUE
EP,1991,B,5,TRUE
EP,1992,A,16,TRUE
EP,1992,B,11,TRUE
EP,1993,A,16,TRUE
EP,1993,B,6,TRUE
EP,1994,A,16,TRUE
EP,1994,B,12,TRUE
EP,1995,A,17,TRUE
EP,1995,B,8,TRUE
EP,1996,A,12,TRUE
EP,1996,B,15,TRUE
EP,1997,A,22,TRUE
EP,1997,B,6,TRUE
EP,1998,A,13,TRUE
EP,1998,B,8,TRUE
EP,1999,A,42,TRUE
EP,1999,B,9,TRUE
EP,2e3,A,69,TRUE
EP,2e3,B,7,TRUE
EP,2001,A,52,TRUE
EP,2001,B,9,TRUE
EP,2002,A,131,TRUE
EP,2002,B,15,TRUE
EP,2003,A,95,TRUE
EP,2003,B,21,TRUE
EP,2004,A,112,TRUE
EP,2004,B,15,TRUE
EP,2005,A,122,TRUE
EP,2005,B,15,TRUE
EP,2006,A,122,TRUE
EP,2006,B,23,TRUE
EP,2007,A,96,TRUE
EP,2007,B,26,TRUE
EP,2008,A,92,TRUE
EP,2008,B,39,TRUE
EP,2009,A,108,TRUE
EP,2009,B,28,TRUE
EP,2010,A,94,TRUE
EP,2010,B,34,TRUE
EP,2011,A,152,TRUE
EP,2011,B,29,TRUE
EP,2012,A,168,TRUE
EP,2012,B,37,TRUE
EP,2013,A,169,TRUE
EP,2013,B,44,TRUE
EP,2014,A,263,TRUE
EP,2014,B,49,TRUE
EP,2015,A,357,TRUE
EP,2015,B,61,TRUE
EP,2016,A,523,TRUE
EP,2016,B,95,TRUE
EP,2017,A,654,TRUE
EP,2017,B,120,TRUE
ES,1961,A,2,FALSE
ES,1962,A,1,FALSE
ES,1964,A,3,FALSE
ES,1966,A,1,FALSE
ES,1969,A,2,FALSE
ES,1971,A,1,FALSE
ES,1976,A,1,FALSE
ES,1978,A,2,FALSE
ES,1979,A,5,FALSE
ES,1980,A,4,FALSE
ES,1981,A,4,FALSE
ES,1983,A,2,FALSE
ES,1984,A,2,FALSE
ES,1985,A,1,FALSE
ES,1986,A,5,FALSE
ES,1987,A,2,FALSE
ES,1987,U,1,FALSE
ES,1987,Y,1,FALSE
ES,1991,A,1,FALSE
ES,1992,B,1,FALSE
ES,1993,B,3,FALSE
ES,1994,B,8,FALSE
ES,1995,B,4,FALSE
ES,1996,B,2,FALSE
ES,1997,B,5,FALSE
ES,1998,B,4,FALSE
ES,1999,B,6,FALSE
ES,2e3,A,1,FALSE
ES,2e3,B,5,FALSE
ES,2001,B,6,FALSE
ES,2002,B,4,FALSE
ES,2003,B,11,FALSE
ES,2004,A,1,FALSE
ES,2004,B,7,FALSE
ES,2005,B,8,FALSE
ES,2006,B,6,FALSE
ES,2007,A,1,FALSE
ES,2007,B,7,FALSE
ES,2008,B,11,FALSE
ES,2009,B,6,FALSE
ES,2010,B,12,FALSE
ES,2011,B,8,FALSE
ES,2012,B,10,FALSE
ES,2013,B,16,FALSE
ES,2014,B,13,FALSE
ES,2015,A,2,FALSE
ES,2015,B,16,FALSE
ES,2015,U,6,FALSE
ES,2015,Y,3,FALSE
ES,2016,A,8,FALSE
ES,2016,B,23,FALSE
ES,2016,U,4,FALSE
ES,2016,Y,8,FALSE
ES,2017,A,7,FALSE
ES,2017,B,25,FALSE
ES,2017,U,3,FALSE
ES,2017,Y,2,FALSE
FI,1975,B,1,FALSE
FI,1975,C,1,FALSE
FI,1979,A,1,FALSE
FI,1981,L,1,FALSE
FI,1982,A,1,FALSE
FI,1982,L,1,FALSE
FI,1986,B,1,FALSE
FI,1986,C,1,FALSE
FI,1988,A,3,FALSE
FI,1989,A,7,FALSE
FI,1991,A,5,FALSE
FI,1992,A,3,FALSE
FI,1993,A,3,FALSE
FI,1994,A,5,FALSE
FI,1995,A,9,FALSE
FI,1995,B,1,FALSE
FI,1995,C,1,FALSE
FI,1996,A,2,FALSE
FI,1997,A,9,FALSE
FI,1997,B,1,FALSE
FI,1997,C,1,FALSE
FI,1998,A,4,FALSE
FI,1998,B,2,FALSE
FI,1999,B,2,FALSE
FI,2002,A,1,FALSE
FI,2003,A,1,FALSE
FI,2003,B,1,FALSE
FI,2004,B,1,FALSE
FI,2005,B,1,FALSE
FI,2006,B,1,FALSE
FI,2017,A,1,FALSE
FR,1936,A,1,TRUE
FR,1940,A,1,TRUE
FR,1941,A,1,TRUE
FR,1948,A,1,TRUE
FR,1951,E,1,TRUE
FR,1960,A,2,TRUE
FR,1961,A,4,TRUE
FR,1962,A,1,TRUE
FR,1964,A,1,TRUE
FR,1966,A,2,TRUE
FR,1968,A,3,TRUE
FR,1969,A,3,TRUE
FR,1970,A,2,TRUE
FR,1971,A,2,TRUE
FR,1972,A,2,TRUE
FR,1973,A,3,TRUE
FR,1973,B,1,TRUE
FR,1974,A,2,TRUE
FR,1974,B,1,TRUE
FR,1975,A,2,TRUE
FR,1975,B,3,TRUE
FR,1976,A,1,TRUE
FR,1976,B,1,TRUE
FR,1977,A,1,TRUE
FR,1977,B,2,TRUE
FR,1978,A,7,TRUE
FR,1978,B,1,TRUE
FR,1979,A,3,TRUE
FR,1979,B,1,TRUE
FR,1980,A,2,TRUE
FR,1980,B,1,TRUE
FR,1981,A,3,TRUE
FR,1982,B,5,TRUE
FR,1983,A,3,TRUE
FR,1983,B,6,TRUE
FR,1984,B,1,TRUE
FR,1985,A,2,TRUE
FR,1985,B,1,TRUE
FR,1986,B,2,TRUE
FR,1987,A,1,TRUE
FR,1988,B,2,TRUE
FR,1990,A,3,TRUE
FR,1991,A,1,TRUE
FR,1991,B,1,TRUE
FR,1992,B,2,TRUE
FR,1993,A,2,TRUE
FR,1993,B,1,TRUE
FR,1994,A,3,TRUE
FR,1994,B,1,TRUE
FR,1995,A,3,TRUE
FR,1995,B,4,TRUE
FR,1996,A,4,TRUE
FR,1996,B,2,TRUE
FR,1997,A,5,TRUE
FR,1997,B,7,TRUE
FR,1998,A,9,TRUE
FR,1998,B,5,TRUE
FR,1999,A,2,TRUE
FR,1999,B,5,TRUE
FR,2e3,A,3,TRUE
FR,2e3,B,3,TRUE
FR,2001,A,3,TRUE
FR,2002,A,2,TRUE
FR,2002,B,3,TRUE
FR,2003,A,5,TRUE
FR,2003,B,2,TRUE
FR,2004,A,9,TRUE
FR,2004,B,8,TRUE
FR,2005,A,5,TRUE
FR,2005,B,3,TRUE
FR,2006,A,24,TRUE
FR,2006,B,10,TRUE
FR,2007,A,24,TRUE
FR,2007,B,14,TRUE
FR,2008,A,23,TRUE
FR,2008,B,20,TRUE
FR,2009,A,25,TRUE
FR,2009,B,28,TRUE
FR,2010,A,32,TRUE
FR,2010,B,26,TRUE
FR,2011,A,50,TRUE
FR,2011,B,24,TRUE
FR,2012,A,45,TRUE
FR,2012,B,40,TRUE
FR,2013,A,40,TRUE
FR,2013,B,35,TRUE
FR,2014,A,51,TRUE
FR,2014,B,43,TRUE
FR,2015,A,53,TRUE
FR,2015,B,35,TRUE
FR,2016,A,117,TRUE
FR,2016,B,45,TRUE
FR,2017,A,89,TRUE
FR,2017,B,61,TRUE
GB,1936,A,1,FALSE
GB,1962,A,3,FALSE
GB,1963,A,2,FALSE
GB,1964,A,3,FALSE
GB,1965,A,3,FALSE
GB,1967,A,2,FALSE
GB,1968,A,2,FALSE
GB,1969,A,3,FALSE
GB,1970,A,3,FALSE
GB,1971,A,1,FALSE
GB,1972,A,4,FALSE
GB,1973,A,1,FALSE
GB,1974,A,6,FALSE
GB,1975,A,3,FALSE
GB,1976,A,2,FALSE
GB,1977,A,3,FALSE
GB,1979,A,4,FALSE
GB,1980,A,1,FALSE
GB,1981,A,12,FALSE
GB,1982,A,2,FALSE
GB,1982,B,5,FALSE
GB,1983,A,2,FALSE
GB,1983,B,2,FALSE
GB,1983,D,2,FALSE
GB,1984,A,2,FALSE
GB,1984,B,4,FALSE
GB,1984,D,1,FALSE
GB,1985,A,2,FALSE
GB,1985,B,2,FALSE
GB,1985,D,2,FALSE
GB,1986,B,1,FALSE
GB,1986,D,3,FALSE
GB,1987,A,2,FALSE
GB,1987,B,1,FALSE
GB,1987,D,7,FALSE
GB,1988,A,3,FALSE
GB,1988,D,2,FALSE
GB,1989,A,1,FALSE
GB,1989,B,1,FALSE
GB,1989,D,2,FALSE
GB,1990,A,1,FALSE
GB,1990,B,2,FALSE
GB,1990,D,4,FALSE
GB,1991,A,1,FALSE
GB,1991,B,1,FALSE
GB,1991,D,3,FALSE
GB,1992,A,1,FALSE
GB,1992,B,1,FALSE
GB,1992,D,3,FALSE
GB,1993,A,1,FALSE
GB,1993,D,2,FALSE
GB,1994,A,1,FALSE
GB,1994,B,1,FALSE
GB,1994,D,2,FALSE
GB,1995,A,6,FALSE
GB,1995,B,3,FALSE
GB,1995,D,7,FALSE
GB,1996,A,2,FALSE
GB,1996,D,4,FALSE
GB,1997,A,3,FALSE
GB,1997,B,1,FALSE
GB,1997,D,7,FALSE
GB,1998,A,8,FALSE
GB,1998,B,4,FALSE
GB,1998,D,9,FALSE
GB,1999,A,1,FALSE
GB,1999,B,5,FALSE
GB,1999,D,4,FALSE
GB,2e3,A,11,FALSE
GB,2e3,B,9,FALSE
GB,2e3,D,13,FALSE
GB,2001,A,2,FALSE
GB,2001,B,2,FALSE
GB,2001,D,7,FALSE
GB,2002,A,7,FALSE
GB,2002,B,4,FALSE
GB,2002,D,9,FALSE
GB,2003,A,5,FALSE
GB,2003,B,7,FALSE
GB,2003,D,7,FALSE
GB,2004,A,3,FALSE
GB,2004,B,3,FALSE
GB,2004,D,9,FALSE
GB,2005,A,10,FALSE
GB,2005,B,10,FALSE
GB,2005,D,9,FALSE
GB,2006,A,5,FALSE
GB,2006,B,6,FALSE
GB,2006,C,1,FALSE
GB,2006,D,16,FALSE
GB,2007,A,12,FALSE
GB,2007,B,5,FALSE
GB,2007,C,1,FALSE
GB,2007,D,7,FALSE
GB,2008,A,10,FALSE
GB,2008,B,7,FALSE
GB,2008,D,12,FALSE
GB,2009,A,9,FALSE
GB,2009,B,1,FALSE
GB,2009,D,10,FALSE
GB,2010,A,7,FALSE
GB,2010,B,4,FALSE
GB,2010,D,8,FALSE
GB,2011,A,5,FALSE
GB,2011,B,9,FALSE
GB,2011,D,11,FALSE
GB,2012,A,7,FALSE
GB,2012,B,6,FALSE
GB,2012,D,13,FALSE
GB,2013,A,9,FALSE
GB,2013,B,6,FALSE
GB,2013,D,23,FALSE
GB,2014,A,13,FALSE
GB,2014,B,5,FALSE
GB,2014,D,30,FALSE
GB,2015,A,14,FALSE
GB,2015,B,11,FALSE
GB,2015,D,71,FALSE
GB,2016,A,54,FALSE
GB,2016,B,7,FALSE
GB,2016,D,82,FALSE
GB,2017,A,70,FALSE
GB,2017,B,14,FALSE
GB,2017,C,2,FALSE
GB,2017,D,51,FALSE
GE,2012,B,1,FALSE
GR,1983,B,1,FALSE
GR,1985,B,2,FALSE
GR,1990,A,1,FALSE
GR,1991,A,1,FALSE
GR,1991,B,1,FALSE
GR,1992,B,2,FALSE
GR,1993,B,2,FALSE
GR,1996,B,1,FALSE
GR,1997,B,2,FALSE
GR,1999,B,1,FALSE
GR,2e3,B,3,FALSE
GR,2001,B,3,FALSE
GR,2007,A,1,FALSE
GR,2009,B,1,FALSE
GR,2014,B,1,FALSE
GR,2015,A,1,FALSE
GT,2005,A,1,FALSE
GT,2007,A,1,FALSE
HK,1993,A,2,FALSE
HK,1995,A,1,FALSE
HK,1997,A,1,FALSE
HK,1998,A,1,FALSE
HK,2e3,A,2,FALSE
HK,2001,A,1,FALSE
HK,2004,A,2,FALSE
HK,2005,A,2,FALSE
HK,2006,A,5,FALSE
HK,2007,A,2,FALSE
HK,2009,A,3,FALSE
HK,2010,A,3,FALSE
HK,2011,A,1,FALSE
HK,2012,A,5,FALSE
HK,2013,A,9,FALSE
HK,2014,A,4,FALSE
HK,2015,A,12,FALSE
HK,2016,A,18,FALSE
HK,2017,A,15,FALSE
HN,2010,A,1,FALSE
HR,1998,A,1,FALSE
HR,2e3,A,2,FALSE
HR,2001,B,1,FALSE
HR,2010,B,1,FALSE
HR,2011,B,1,FALSE
HR,2012,A,1,FALSE
HR,2012,B,1,FALSE
HR,2015,B,1,FALSE
HR,2016,A,1,FALSE
HR,2016,B,1,FALSE
HR,2017,B,2,FALSE
HU,1986,B,2,FALSE
HU,1988,B,1,FALSE
HU,1989,B,1,FALSE
HU,1990,B,1,FALSE
HU,1990,D,2,FALSE
HU,1991,B,1,FALSE
HU,1992,B,1,FALSE
HU,1992,D,1,FALSE
HU,1993,D,1,FALSE
HU,1994,B,2,FALSE
HU,1995,B,1,FALSE
HU,1996,D,1,FALSE
HU,1997,B,1,FALSE
HU,1998,A,2,FALSE
HU,1998,B,4,FALSE
HU,1999,A,3,FALSE
HU,1999,B,1,FALSE
HU,1999,D,2,FALSE
HU,2e3,A,5,FALSE
HU,2e3,B,1,FALSE
HU,2e3,D,1,FALSE
HU,2001,A,8,FALSE
HU,2001,B,1,FALSE
HU,2002,A,3,FALSE
HU,2003,A,4,FALSE
HU,2004,A,1,FALSE
HU,2004,B,1,FALSE
HU,2005,A,1,FALSE
HU,2005,B,1,FALSE
HU,2006,A,1,FALSE
HU,2009,D,1,FALSE
HU,2010,A,1,FALSE
HU,2014,B,1,FALSE
HU,2014,U,1,FALSE
HU,2015,A,4,FALSE
HU,2015,U,1,FALSE
HU,2016,A,3,FALSE
HU,2016,B,2,FALSE
HU,2017,A,2,FALSE
HU,2017,B,6,FALSE
ID,1999,A,1,FALSE
ID,2e3,A,3,FALSE
ID,2001,A,2,FALSE
IE,1982,L,1,FALSE
IE,1987,B,1,FALSE
IE,1988,L,2,FALSE
IE,1990,L,1,FALSE
IE,1991,A,1,FALSE
IE,1992,A,3,FALSE
IE,1994,B,1,FALSE
IE,1995,B,1,FALSE
IE,1996,B,2,FALSE
IE,2e3,A,1,FALSE
IE,2003,A,1,FALSE
IE,2007,A,1,FALSE
IL,1970,D,1,FALSE
IL,1972,D,3,FALSE
IL,1973,D,1,FALSE
IL,1974,A,2,FALSE
IL,1975,D,1,FALSE
IL,1976,A,1,FALSE
IL,1978,A,1,FALSE
IL,1979,D,1,FALSE
IL,1982,D,1,FALSE
IL,1985,A,2,FALSE
IL,1985,D,2,FALSE
IL,1986,D,1,FALSE
IL,1987,A,1,FALSE
IL,1987,D,2,FALSE
IL,1988,D,3,FALSE
IL,1989,A,1,FALSE
IL,1990,D,1,FALSE
IL,1991,D,1,FALSE
IL,1992,A,1,FALSE
IL,1992,D,2,FALSE
IL,1994,A,2,FALSE
IL,1994,D,4,FALSE
IL,1995,A,1,FALSE
IL,1995,D,2,FALSE
IL,1996,A,1,FALSE
IL,1996,D,6,FALSE
IL,1997,D,3,FALSE
IL,1998,A,1,FALSE
IL,1998,D,1,FALSE
IL,1999,A,1,FALSE
IL,1999,D,2,FALSE
IL,2e3,A,6,FALSE
IL,2e3,D,5,FALSE
IL,2001,A,1,FALSE
IL,2001,D,6,FALSE
IL,2002,D,5,FALSE
IL,2003,A,2,FALSE
IL,2003,D,4,FALSE
IL,2004,A,4,FALSE
IL,2004,D,17,FALSE
IL,2005,A,1,FALSE
IL,2005,D,17,FALSE
IL,2006,A,20,FALSE
IL,2006,D,15,FALSE
IL,2007,A,7,FALSE
IL,2007,D,9,FALSE
IL,2008,A,6,FALSE
IL,2008,D,12,FALSE
IL,2009,A,5,FALSE
IL,2009,D,16,FALSE
IL,2010,A,9,FALSE
IL,2010,D,11,FALSE
IL,2011,A,13,FALSE
IL,2011,D,25,FALSE
IL,2012,A,18,FALSE
IL,2012,D,33,FALSE
IL,2013,A,26,FALSE
IL,2013,D,7,FALSE
IL,2014,A,9,FALSE
IL,2014,D,13,FALSE
IL,2015,A,3,FALSE
IL,2015,D,29,FALSE
IL,2016,A,2,FALSE
IL,2016,D,12,FALSE
IL,2017,A,3,FALSE
IL,2017,D,7,FALSE
IN,2002,B,1,FALSE
IN,2003,B,1,FALSE
IN,2015,I,3,FALSE
IN,2015,P,21,FALSE
IS,1998,A,1,FALSE
IS,1999,A,1,FALSE
IS,2007,B,1,FALSE
IT,1973,B,1,FALSE
IT,1976,B,1,FALSE
IT,1977,B,1,FALSE
IT,1978,B,2,FALSE
IT,1978,D,4,FALSE
IT,1979,D,5,FALSE
IT,1980,D,2,FALSE
IT,1981,D,1,FALSE
IT,1982,D,2,FALSE
IT,1983,D,1,FALSE
IT,1985,B,8,FALSE
IT,1985,D,1,FALSE
IT,1986,B,7,FALSE
IT,1987,B,4,FALSE
IT,1988,B,1,FALSE
IT,1989,B,1,FALSE
IT,1990,A,1,FALSE
IT,1990,D,1,FALSE
IT,1991,D,1,FALSE
IT,1992,A,1,FALSE
IT,1993,B,1,FALSE
IT,1994,B,1,FALSE
IT,1994,D,2,FALSE
IT,1994,V,1,FALSE
IT,1995,A,2,FALSE
IT,1995,D,1,FALSE
IT,1996,A,1,FALSE
IT,1996,U,1,FALSE
IT,1997,V,1,FALSE
IT,1998,A,1,FALSE
IT,1998,B,2,FALSE
IT,1998,U,1,FALSE
IT,1999,B,1,FALSE
IT,2e3,A,1,FALSE
IT,2e3,Y,1,FALSE
IT,2001,B,1,FALSE
IT,2002,Y,1,FALSE
IT,2006,A,1,FALSE
IT,2008,A,1,FALSE
IT,2011,A,1,FALSE
IT,2012,A,3,FALSE
IT,2013,A,8,FALSE
IT,2013,B,2,FALSE
IT,2014,A,3,FALSE
IT,2014,U,2,FALSE
IT,2015,A,3,FALSE
JP,1973,A,1,TRUE
JP,1974,A,1,TRUE
JP,1974,B,1,TRUE
JP,1975,A,3,TRUE
JP,1976,A,1,TRUE
JP,1977,A,1,TRUE
JP,1977,B,1,TRUE
JP,1977,U,5,TRUE
JP,1978,A,7,TRUE
JP,1979,A,5,TRUE
JP,1979,B,1,TRUE
JP,1979,U,1,TRUE
JP,1980,A,4,TRUE
JP,1980,B,1,TRUE
JP,1980,Y,1,TRUE
JP,1981,A,10,TRUE
JP,1981,B,2,TRUE
JP,1981,U,1,TRUE
JP,1981,Y,1,TRUE
JP,1982,A,5,TRUE
JP,1982,B,1,TRUE
JP,1982,U,1,TRUE
JP,1983,A,7,TRUE
JP,1983,B,1,TRUE
JP,1984,A,3,TRUE
JP,1984,Y,1,TRUE
JP,1985,A,12,TRUE
JP,1985,B,2,TRUE
JP,1986,A,5,TRUE
JP,1986,B,5,TRUE
JP,1986,Y,1,TRUE
JP,1987,A,6,TRUE
JP,1987,B,3,TRUE
JP,1988,A,9,TRUE
JP,1988,B,4,TRUE
JP,1989,A,20,TRUE
JP,1989,B,1,TRUE
JP,1990,A,14,TRUE
JP,1990,B,2,TRUE
JP,1990,U,3,TRUE
JP,1991,A,7,TRUE
JP,1991,B,3,TRUE
JP,1992,A,11,TRUE
JP,1992,B,1,TRUE
JP,1993,A,8,TRUE
JP,1993,B,2,TRUE
JP,1993,Y,1,TRUE
JP,1994,A,7,TRUE
JP,1994,B,6,TRUE
JP,1994,Y,1,TRUE
JP,1995,A,13,TRUE
JP,1995,B,4,TRUE
JP,1996,A,13,TRUE
JP,1996,B,6,TRUE
JP,1997,A,13,TRUE
JP,1997,B,7,TRUE
JP,1998,A,8,TRUE
JP,1998,B,8,TRUE
JP,1998,Y,1,TRUE
JP,1999,A,18,TRUE
JP,1999,B,9,TRUE
JP,2e3,A,31,TRUE
JP,2e3,B,5,TRUE
JP,2001,A,39,TRUE
JP,2001,B,5,TRUE
JP,2002,A,62,TRUE
JP,2002,B,6,TRUE
JP,2003,A,57,TRUE
JP,2003,B,9,TRUE
JP,2004,A,40,TRUE
JP,2004,B,5,TRUE
JP,2005,A,49,TRUE
JP,2005,B,10,TRUE
JP,2006,A,36,TRUE
JP,2006,B,11,TRUE
JP,2007,A,64,TRUE
JP,2007,B,12,TRUE
JP,2008,A,51,TRUE
JP,2008,B,24,TRUE
JP,2009,A,102,TRUE
JP,2009,B,28,TRUE
JP,2010,A,138,TRUE
JP,2010,B,26,TRUE
JP,2011,A,101,TRUE
JP,2011,B,55,TRUE
JP,2012,A,102,TRUE
JP,2012,B,52,TRUE
JP,2013,A,109,TRUE
JP,2013,B,129,TRUE
JP,2014,A,62,TRUE
JP,2014,B,129,TRUE
JP,2014,U,1,TRUE
JP,2015,A,125,TRUE
JP,2015,B,70,TRUE
JP,2015,S,1,TRUE
JP,2016,A,211,TRUE
JP,2016,B,91,TRUE
JP,2016,S,5,TRUE
JP,2017,A,638,TRUE
JP,2017,B,118,TRUE
JP,2017,S,2,TRUE
JP,2017,U,1,TRUE
KR,1983,A,1,TRUE
KR,1983,B,1,TRUE
KR,1984,A,1,TRUE
KR,1992,B,2,TRUE
KR,1995,B,4,TRUE
KR,1995,Y,1,TRUE
KR,1996,B,4,TRUE
KR,1997,B,1,TRUE
KR,1998,B,2,TRUE
KR,1999,B,5,TRUE
KR,2e3,A,7,TRUE
KR,2e3,B,1,TRUE
KR,2001,A,2,TRUE
KR,2001,B,1,TRUE
KR,2002,A,3,TRUE
KR,2002,B,5,TRUE
KR,2003,A,5,TRUE
KR,2003,B,4,TRUE
KR,2004,A,13,TRUE
KR,2004,B,4,TRUE
KR,2005,A,15,TRUE
KR,2006,A,14,TRUE
KR,2006,B,10,TRUE
KR,2007,A,22,TRUE
KR,2007,B,10,TRUE
KR,2008,A,25,TRUE
KR,2008,B,4,TRUE
KR,2009,A,21,TRUE
KR,2009,B,4,TRUE
KR,2010,A,15,TRUE
KR,2010,B,13,TRUE
KR,2011,A,25,TRUE
KR,2011,B,8,TRUE
KR,2012,A,36,TRUE
KR,2012,B,15,TRUE
KR,2013,A,29,TRUE
KR,2013,B,15,TRUE
KR,2014,A,28,TRUE
KR,2014,B,16,TRUE
KR,2014,Y,1,TRUE
KR,2015,A,49,TRUE
KR,2015,B,30,TRUE
KR,2015,Y,1,TRUE
KR,2016,A,131,TRUE
KR,2016,B,55,TRUE
KR,2017,A,313,TRUE
KR,2017,B,61,TRUE
LT,1994,A,1,FALSE
LT,1995,B,1,FALSE
LT,1997,A,1,FALSE
LT,1998,B,1,FALSE
LT,2015,A,1,FALSE
LT,2015,B,1,FALSE
LT,2016,B,4,FALSE
LT,2017,B,3,FALSE
LU,2e3,I,1,FALSE
LV,1994,A,1,FALSE
LV,1995,B,1,FALSE
LV,1998,A,1,FALSE
LV,1998,B,1,FALSE
MA,2003,A,1,FALSE
MA,2004,A,2,FALSE
MA,2008,B,1,FALSE
MA,2009,B,1,FALSE
MA,2011,B,1,FALSE
MA,2013,B,1,FALSE
MA,2016,A,4,FALSE
MA,2017,A,2,FALSE
MD,2015,A,1,FALSE
MX,1981,A,1,FALSE
MX,1982,A,2,FALSE
MX,1982,E,1,FALSE
MX,1983,A,1,FALSE
MX,1983,E,2,FALSE
MX,1985,A,1,FALSE
MX,1987,A,1,FALSE
MX,1988,E,1,FALSE
MX,1992,A,2,FALSE
MX,1992,B,1,FALSE
MX,1993,A,1,FALSE
MX,1997,A,6,FALSE
MX,1998,A,3,FALSE
MX,2002,A,2,FALSE
MX,2003,A,5,FALSE
MX,2004,A,5,FALSE
MX,2005,A,5,FALSE
MX,2006,A,8,FALSE
MX,2007,A,8,FALSE
MX,2008,A,8,FALSE
MX,2009,A,7,FALSE
MX,2010,A,6,FALSE
MX,2011,A,2,FALSE
MX,2012,A,20,FALSE
MX,2013,A,16,FALSE
MX,2014,A,8,FALSE
MX,2015,A,20,FALSE
MX,2016,A,36,FALSE
MX,2016,B,7,FALSE
MX,2017,A,20,FALSE
MX,2017,B,5,FALSE
MY,2005,A,1,FALSE
MY,2006,A,1,FALSE
MY,2009,A,1,FALSE
MY,2012,A,1,FALSE
MY,2013,A,1,FALSE
MY,2015,A,1,FALSE
MY,2016,A,1,FALSE
MY,2017,A,2,FALSE
NL,1966,A,1,FALSE
NL,1967,A,1,FALSE
NL,1968,A,1,FALSE
NL,1969,A,1,FALSE
NL,1970,A,1,FALSE
NL,1971,A,2,FALSE
NL,1974,A,1,FALSE
NL,1975,A,3,FALSE
NL,1978,A,1,FALSE
NL,1978,B,1,FALSE
NL,1979,A,2,FALSE
NL,1981,B,1,FALSE
NL,1981,C,1,FALSE
NL,1982,A,1,FALSE
NL,1983,A,1,FALSE
NL,1986,C,1,FALSE
NL,1998,B,1,FALSE
NL,1998,C,1,FALSE
NL,2e3,I,1,FALSE
NL,2001,I,1,FALSE
NL,2004,I,1,FALSE
NL,2007,A,1,FALSE
NL,2008,C,1,FALSE
NL,2012,C,1,FALSE
NL,2014,C,1,FALSE
NL,2015,A,1,FALSE
NL,2015,C,1,FALSE
NL,2016,A,3,FALSE
NL,2016,B,13,FALSE
NL,2017,A,2,FALSE
NL,2017,B,9,FALSE
NL,NA,A,2,FALSE
NO,1975,A,1,FALSE
NO,1975,B,1,FALSE
NO,1976,C,1,FALSE
NO,1979,A,2,FALSE
NO,1979,B,1,FALSE
NO,1979,C,1,FALSE
NO,1981,A,2,FALSE
NO,1982,A,1,FALSE
NO,1982,B,1,FALSE
NO,1983,A,1,FALSE
NO,1983,C,1,FALSE
NO,1984,A,1,FALSE
NO,1985,A,1,FALSE
NO,1986,B,2,FALSE
NO,1986,C,1,FALSE
NO,1987,C,1,FALSE
NO,1987,D,1,FALSE
NO,1988,A,3,FALSE
NO,1988,D,3,FALSE
NO,1989,A,3,FALSE
NO,1989,B,1,FALSE
NO,1989,C,1,FALSE
NO,1989,D,2,FALSE
NO,1990,A,2,FALSE
NO,1990,B,1,FALSE
NO,1990,C,1,FALSE
NO,1990,D,3,FALSE
NO,1991,A,2,FALSE
NO,1991,B,1,FALSE
NO,1991,C,1,FALSE
NO,1991,D,1,FALSE
NO,1992,A,1,FALSE
NO,1992,D,1,FALSE
NO,1993,A,2,FALSE
NO,1993,D,2,FALSE
NO,1994,A,2,FALSE
NO,1994,D,2,FALSE
NO,1995,A,4,FALSE
NO,1995,D,4,FALSE
NO,1996,A,1,FALSE
NO,1996,D,1,FALSE
NO,1997,A,3,FALSE
NO,1997,B,2,FALSE
NO,1997,D,4,FALSE
NO,1998,A,3,FALSE
NO,1998,D,2,FALSE
NO,1999,A,5,FALSE
NO,1999,D,7,FALSE
NO,2e3,A,5,FALSE
NO,2e3,D,3,FALSE
NO,2001,A,3,FALSE
NO,2001,B,3,FALSE
NO,2001,D,4,FALSE
NO,2002,A,3,FALSE
NO,2002,B,2,FALSE
NO,2002,D,2,FALSE
NO,2003,A,2,FALSE
NO,2003,B,2,FALSE
NO,2003,D,2,FALSE
NO,2004,A,2,FALSE
NO,2004,B,2,FALSE
NO,2005,A,4,FALSE
NO,2005,B,1,FALSE
NO,2005,D,1,FALSE
NO,2006,A,3,FALSE
NO,2006,L,1,FALSE
NO,2007,A,3,FALSE
NO,2008,A,2,FALSE
NO,2008,B,2,FALSE
NO,2009,B,1,FALSE
NO,2010,B,2,FALSE
NO,2012,B,2,FALSE
NO,2013,A,4,FALSE
NO,2013,B,2,FALSE
NO,2014,A,2,FALSE
NO,2014,B,5,FALSE
NO,2015,A,10,FALSE
NO,2016,A,2,FALSE
NO,2016,B,1,FALSE
NO,2017,B,1,FALSE
NZ,1985,A,1,FALSE
NZ,1989,A,2,FALSE
NZ,1991,A,3,FALSE
NZ,1992,A,1,FALSE
NZ,1993,A,1,FALSE
NZ,1994,A,1,FALSE
NZ,1995,A,2,FALSE
NZ,1998,A,3,FALSE
NZ,1999,A,1,FALSE
NZ,2e3,A,6,FALSE
NZ,2001,A,2,FALSE
NZ,2002,A,2,FALSE
NZ,2003,A,1,FALSE
NZ,2004,A,3,FALSE
NZ,2005,A,2,FALSE
NZ,2006,A,2,FALSE
NZ,2007,A,2,FALSE
NZ,2009,A,1,FALSE
NZ,2010,A,2,FALSE
NZ,2011,A,4,FALSE
NZ,2012,A,1,FALSE
NZ,2013,A,5,FALSE
NZ,2014,A,3,FALSE
NZ,2015,A,3,FALSE
NZ,2016,A,7,FALSE
NZ,2017,A,2,FALSE
OA,2002,A,1,FALSE
OA,2003,A,1,FALSE
OA,2004,A,1,FALSE
OA,2007,A,1,FALSE
PA,2006,A,1,FALSE
PE,1998,A,1,FALSE
PE,2e3,A,2,FALSE
PE,2002,A,1,FALSE
PE,2006,A,1,FALSE
PE,2008,A,1,FALSE
PE,2011,A,1,FALSE
PE,2013,A,1,FALSE
PE,2015,A,1,FALSE
PE,2016,A,1,FALSE
PE,2017,A,5,FALSE
PH,1991,A,1,FALSE
PH,1996,A,1,FALSE
PH,2015,A,3,FALSE
PH,2016,A,1,FALSE
PH,2016,U,1,FALSE
PH,2016,Y,1,FALSE
PH,2017,A,1,FALSE
PL,1979,A,1,FALSE
PL,1981,B,1,FALSE
PL,1985,A,1,FALSE
PL,1986,A,1,FALSE
PL,1994,A,1,FALSE
PL,1995,B,1,FALSE
PL,1996,B,1,FALSE
PL,1997,A,3,FALSE
PL,1999,A,4,FALSE
PL,2e3,A,1,FALSE
PL,2001,A,2,FALSE
PL,2002,A,2,FALSE
PL,2002,B,1,FALSE
PL,2003,A,1,FALSE
PL,2003,B,1,FALSE
PL,2004,A,3,FALSE
PL,2005,A,2,FALSE
PL,2005,B,1,FALSE
PL,2007,B,2,FALSE
PL,2009,B,2,FALSE
PL,2010,B,1,FALSE
PL,2012,B,2,FALSE
PL,2016,A,1,FALSE
PL,2016,B,7,FALSE
PL,2017,A,1,FALSE
PL,2017,B,11,FALSE
PT,1979,A,1,FALSE
PT,1984,A,1,FALSE
PT,1986,B,1,FALSE
PT,1987,A,1,FALSE
PT,1990,B,1,FALSE
PT,1991,A,1,FALSE
PT,1992,A,1,FALSE
PT,1994,A,1,FALSE
PT,1996,B,1,FALSE
PT,1998,B,1,FALSE
PT,2e3,B,1,FALSE
PT,2e3,E,5,FALSE
PT,2001,E,2,FALSE
PT,2002,B,1,FALSE
PT,2002,E,1,FALSE
PT,2003,E,5,FALSE
PT,2004,E,1,FALSE
PT,2005,E,2,FALSE
PT,2006,E,1,FALSE
PT,2007,E,1,FALSE
PT,2008,E,2,FALSE
PT,2009,E,1,FALSE
PT,2010,E,3,FALSE
PT,2011,E,3,FALSE
PT,2012,E,2,FALSE
PT,2013,E,1,FALSE
PT,2014,E,2,FALSE
PT,2015,E,2,FALSE
PT,2016,B,5,FALSE
RO,1983,A,1,FALSE
RO,2e3,B,1,FALSE
RO,2003,B,2,FALSE
RO,2004,B,1,FALSE
RO,2005,B,1,FALSE
RO,2013,A,3,FALSE
RO,2013,U,1,FALSE
RO,2014,A,2,FALSE
RO,2014,B,1,FALSE
RO,2015,A,2,FALSE
RO,2016,B,1,FALSE
RO,2017,A,4,FALSE
RS,2008,A,1,FALSE
RS,2009,A,1,FALSE
RS,2012,B,1,FALSE
RS,2015,A,1,FALSE
RS,2015,B,1,FALSE
RS,2016,A,1,FALSE
RS,2016,B,2,FALSE
RS,2017,B,1,FALSE
RU,1993,C,1,FALSE
RU,1997,A,1,FALSE
RU,1997,C,3,FALSE
RU,1998,C,1,FALSE
RU,1999,C,3,FALSE
RU,2e3,C,2,FALSE
RU,2001,A,1,FALSE
RU,2001,C,3,FALSE
RU,2002,A,1,FALSE
RU,2002,C,2,FALSE
RU,2003,C,6,FALSE
RU,2004,A,4,FALSE
RU,2004,C,5,FALSE
RU,2005,A,6,FALSE
RU,2005,C,3,FALSE
RU,2006,A,5,FALSE
RU,2006,C,4,FALSE
RU,2007,A,6,FALSE
RU,2007,C,3,FALSE
RU,2008,A,14,FALSE
RU,2008,C,4,FALSE
RU,2009,A,20,FALSE
RU,2009,C,17,FALSE
RU,2010,A,9,FALSE
RU,2010,C,13,FALSE
RU,2011,A,13,FALSE
RU,2011,C,27,FALSE
RU,2012,A,20,FALSE
RU,2012,C,24,FALSE
RU,2013,A,25,FALSE
RU,2013,C,37,FALSE
RU,2014,A,25,FALSE
RU,2014,C,31,FALSE
RU,2015,A,16,FALSE
RU,2015,C,38,FALSE
RU,2015,U,1,FALSE
RU,2016,A,25,FALSE
RU,2016,C,27,FALSE
RU,2017,A,29,FALSE
RU,2017,C,18,FALSE
SA,2009,B,1,FALSE
SE,1969,B,1,FALSE
SE,1971,B,1,FALSE
SE,1972,B,1,FALSE
SE,1975,A,3,FALSE
SE,1975,B,1,FALSE
SE,1976,B,1,FALSE
SE,1977,B,2,FALSE
SE,1978,A,1,FALSE
SE,1979,A,1,FALSE
SE,1979,B,1,FALSE
SE,1980,A,1,FALSE
SE,1980,B,1,FALSE
SE,1981,B,1,FALSE
SE,1981,L,1,FALSE
SE,1983,B,1,FALSE
SE,1983,L,1,FALSE
SE,1984,C,1,FALSE
SE,1985,B,1,FALSE
SE,1998,D,1,FALSE
SE,1999,D,2,FALSE
SE,2e3,L,2,FALSE
SE,2001,D,2,FALSE
SE,2001,L,1,FALSE
SE,2002,C,1,FALSE
SE,2003,C,1,FALSE
SE,2004,C,1,FALSE
SE,2007,A,1,FALSE
SE,2008,L,1,FALSE
SE,2009,C,1,FALSE
SE,2015,A,3,FALSE
SE,2016,A,1,FALSE
SE,2016,C,1,FALSE
SE,2017,A,3,FALSE
SE,2017,C,2,FALSE
SG,1993,A,1,FALSE
SG,1998,A,1,FALSE
SG,1999,A,1,FALSE
SG,2e3,A,1,FALSE
SG,2001,A,1,FALSE
SG,2004,A,2,FALSE
SG,2005,A,21,FALSE
SG,2006,A,16,FALSE
SG,2007,A,10,FALSE
SG,2008,A,4,FALSE
SG,2009,A,2,FALSE
SG,2010,A,3,FALSE
SG,2011,A,9,FALSE
SG,2012,A,5,FALSE
SG,2013,A,7,FALSE
SG,2014,A,12,FALSE
SG,2015,A,26,FALSE
SG,2016,A,26,FALSE
SG,2017,A,31,FALSE
SI,1994,A,1,FALSE
SI,1998,A,1,FALSE
SI,2e3,B,1,FALSE
SI,2002,B,1,FALSE
SI,2003,B,2,FALSE
SI,2004,B,1,FALSE
SI,2006,B,1,FALSE
SI,2011,B,2,FALSE
SI,2012,B,1,FALSE
SI,2013,B,1,FALSE
SI,2014,B,1,FALSE
SI,2015,A,2,FALSE
SI,2015,B,1,FALSE
SI,2016,B,2,FALSE
SI,2017,B,2,FALSE
SK,1997,A,1,FALSE
SK,1998,A,1,FALSE
SK,1999,A,1,FALSE
SK,2e3,A,3,FALSE
SK,2002,B,1,FALSE
SK,2003,A,2,FALSE
SK,2003,B,2,FALSE
SK,2006,B,1,FALSE
SK,2007,B,1,FALSE
SK,2008,B,1,FALSE
SM,2017,B,2,FALSE
SU,1974,A,1,FALSE
SU,1975,A,1,FALSE
SU,1982,A,2,FALSE
SU,1983,A,1,FALSE
SV,2006,A,1,FALSE
TN,2009,A,2,FALSE
TN,2012,A,1,FALSE
TN,2014,A,1,FALSE
TR,1998,B,1,FALSE
TR,2e3,A,2,FALSE
TR,2e3,B,2,FALSE
TR,2001,A,5,FALSE
TR,2001,B,1,FALSE
TR,2004,B,2,FALSE
TR,2009,B,1,FALSE
TW,1993,B,2,FALSE
TW,1994,B,1,FALSE
TW,1995,B,2,FALSE
TW,1997,B,1,FALSE
TW,1998,B,3,FALSE
TW,1999,B,1,FALSE
TW,2e3,B,4,FALSE
TW,2001,B,5,FALSE
TW,2002,B,1,FALSE
TW,2003,B,4,FALSE
TW,2004,A,1,FALSE
TW,2004,B,1,FALSE
TW,2005,A,2,FALSE
TW,2006,A,1,FALSE
TW,2007,A,6,FALSE
TW,2008,A,4,FALSE
TW,2009,A,3,FALSE
TW,2010,A,4,FALSE
TW,2010,B,2,FALSE
TW,2011,A,2,FALSE
TW,2011,U,1,FALSE
TW,2012,A,40,FALSE
TW,2012,B,5,FALSE
TW,2013,A,17,FALSE
TW,2013,B,8,FALSE
TW,2013,U,1,FALSE
TW,2014,A,8,FALSE
TW,2014,B,25,FALSE
TW,2015,A,23,FALSE
TW,2015,B,17,FALSE
TW,2016,A,40,FALSE
TW,2016,B,19,FALSE
TW,2016,U,2,FALSE
TW,2017,A,71,FALSE
TW,2017,B,9,FALSE
TW,2017,U,2,FALSE
UA,2004,A,1,FALSE
UA,2006,U,4,FALSE
UA,2007,C,2,FALSE
UA,2007,U,1,FALSE
UA,2009,C,1,FALSE
UA,2009,U,1,FALSE
UA,2010,C,1,FALSE
UA,2010,U,2,FALSE
UA,2011,C,1,FALSE
UA,2012,U,1,FALSE
UA,2013,C,1,FALSE
UA,2013,U,2,FALSE
UA,2015,C,10,FALSE
UA,2015,U,3,FALSE
UA,2016,C,4,FALSE
US,1872,B,1,TRUE
US,1889,B,1,TRUE
US,1902,B,1,TRUE
US,1905,B,1,TRUE
US,1906,B,2,TRUE
US,1907,B,8,TRUE
US,1908,B,2,TRUE
US,1909,B,1,TRUE
US,1910,B,1,TRUE
US,1911,B,2,TRUE
US,1912,B,1,TRUE
US,1913,B,2,TRUE
US,1914,B,5,TRUE
US,1916,B,2,TRUE
US,1917,B,4,TRUE
US,1919,B,1,TRUE
US,1920,B,1,TRUE
US,1921,B,2,TRUE
US,1922,B,2,TRUE
US,1923,B,3,TRUE
US,1924,B,2,TRUE
US,1925,B,1,TRUE
US,1926,B,1,TRUE
US,1927,B,2,TRUE
US,1928,B,1,TRUE
US,1930,B,3,TRUE
US,1931,B,6,TRUE
US,1932,B,3,TRUE
US,1933,B,2,TRUE
US,1935,B,2,TRUE
US,1937,B,2,TRUE
US,1939,B,3,TRUE
US,1941,B,3,TRUE
US,1942,B,1,TRUE
US,1945,B,1,TRUE
US,1946,B,2,TRUE
US,1947,B,1,TRUE
US,1948,B,3,TRUE
US,1949,B,6,TRUE
US,1950,B,2,TRUE
US,1951,B,5,TRUE
US,1952,B,3,TRUE
US,1953,B,7,TRUE
US,1954,B,2,TRUE
US,1955,B,2,TRUE
US,1956,B,5,TRUE
US,1957,B,6,TRUE
US,1958,B,7,TRUE
US,1959,B,17,TRUE
US,1960,B,8,TRUE
US,1961,B,19,TRUE
US,1962,B,20,TRUE
US,1963,B,19,TRUE
US,1964,B,25,TRUE
US,1965,B,17,TRUE
US,1966,B,18,TRUE
US,1967,B,15,TRUE
US,1968,B,15,TRUE
US,1969,B,25,TRUE
US,1970,B,12,TRUE
US,1971,B,17,TRUE
US,1972,B,15,TRUE
US,1973,B,26,TRUE
US,1974,B,14,TRUE
US,1975,B,17,TRUE
US,1976,B,17,TRUE
US,1977,B,14,TRUE
US,1978,B,14,TRUE
US,1979,B,15,TRUE
US,1980,B,20,TRUE
US,1981,B,21,TRUE
US,1982,B,20,TRUE
US,1983,B,9,TRUE
US,1984,B,14,TRUE
US,1984,E,1,TRUE
US,1985,B,20,TRUE
US,1986,B,15,TRUE
US,1987,B,29,TRUE
US,1988,B,22,TRUE
US,1988,H,1,TRUE
US,1989,B,23,TRUE
US,1990,B,31,TRUE
US,1991,B,25,TRUE
US,1992,B,29,TRUE
US,1992,H,2,TRUE
US,1993,B,20,TRUE
US,1994,B,34,TRUE
US,1995,B,17,TRUE
US,1995,H,1,TRUE
US,1996,B,30,TRUE
US,1996,E,1,TRUE
US,1997,B,34,TRUE
US,1998,B,51,TRUE
US,1999,B,54,TRUE
US,2e3,B,67,TRUE
US,2001,A,68,TRUE
US,2001,B,184,TRUE
US,2001,E,2,TRUE
US,2002,A,161,TRUE
US,2002,B,143,TRUE
US,2002,E,1,TRUE
US,2003,A,285,TRUE
US,2003,B,139,TRUE
US,2004,A,347,TRUE
US,2004,B,134,TRUE
US,2004,S,1,TRUE
US,2005,A,431,TRUE
US,2005,B,180,TRUE
US,2006,A,318,TRUE
US,2006,B,262,TRUE
US,2006,S,2,TRUE
US,2007,A,425,TRUE
US,2007,B,220,TRUE
US,2007,E,1,TRUE
US,2008,A,534,TRUE
US,2008,B,217,TRUE
US,2008,E,1,TRUE
US,2008,S,1,TRUE
US,2009,A,549,TRUE
US,2009,B,262,TRUE
US,2009,S,1,TRUE
US,2010,A,489,TRUE
US,2010,B,349,TRUE
US,2011,A,433,TRUE
US,2011,B,397,TRUE
US,2012,A,755,TRUE
US,2012,B,364,TRUE
US,2012,S,1,TRUE
US,2013,A,737,TRUE
US,2013,B,412,TRUE
US,2013,S,1,TRUE
US,2014,A,1123,TRUE
US,2014,B,555,TRUE
US,2014,S,2,TRUE
US,2015,A,1343,TRUE
US,2015,B,867,TRUE
US,2015,E,1,TRUE
US,2015,S,8,TRUE
US,2016,A,2172,TRUE
US,2016,B,1021,TRUE
US,2016,S,21,TRUE
US,2017,A,2855,TRUE
US,2017,B,1314,TRUE
US,2017,S,24,TRUE
UY,2007,A,1,FALSE
UY,2010,A,1,FALSE
UY,2014,A,1,FALSE
UY,2015,A,3,FALSE
UY,2016,A,3,FALSE
WO,1979,A,1,TRUE
WO,1980,A,1,TRUE
WO,1981,A,3,TRUE
WO,1983,A,1,TRUE
WO,1984,A,1,TRUE
WO,1985,A,1,TRUE
WO,1986,A,1,TRUE
WO,1987,A,3,TRUE
WO,1988,A,9,TRUE
WO,1989,A,2,TRUE
WO,1990,A,9,TRUE
WO,1991,A,10,TRUE
WO,1992,A,12,TRUE
WO,1993,A,7,TRUE
WO,1994,A,8,TRUE
WO,1995,A,10,TRUE
WO,1996,A,17,TRUE
WO,1997,A,14,TRUE
WO,1998,A,46,TRUE
WO,1999,A,70,TRUE
WO,1999,B,2,TRUE
WO,2e3,A,50,TRUE
WO,2e3,B,3,TRUE
WO,2001,A,230,TRUE
WO,2002,A,140,TRUE
WO,2003,A,144,TRUE
WO,2004,A,88,TRUE
WO,2004,B,2,TRUE
WO,2005,A,95,TRUE
WO,2005,B,2,TRUE
WO,2006,A,155,TRUE
WO,2006,B,3,TRUE
WO,2007,A,167,TRUE
WO,2007,B,4,TRUE
WO,2008,A,212,TRUE
WO,2008,B,3,TRUE
WO,2009,A,132,TRUE
WO,2010,A,144,TRUE
WO,2011,A,190,TRUE
WO,2012,A,330,TRUE
WO,2013,A,272,TRUE
WO,2014,A,512,TRUE
WO,2015,A,609,TRUE
WO,2016,A,1125,TRUE
WO,2017,A,1869,TRUE
YU,1982,A,2,FALSE
YU,1984,A,2,FALSE
YU,1988,A,2,FALSE
YU,1994,A,1,FALSE
YU,1999,B,1,FALSE
YU,2002,A,2,FALSE
ZA,1973,B,1,FALSE
ZA,1980,B,1,FALSE
ZA,1983,B,2,FALSE
ZA,1985,B,1,FALSE
ZA,1986,B,1,FALSE
ZA,1987,B,1,FALSE
ZA,1988,B,1,FALSE
ZA,1989,B,2,FALSE
ZA,1990,B,1,FALSE
ZA,1991,B,1,FALSE
ZA,1992,B,4,FALSE
ZA,1994,B,4,FALSE
ZA,1995,B,3,FALSE
ZA,1996,B,6,FALSE
ZA,1997,B,3,FALSE
ZA,1998,B,2,FALSE
ZA,1999,B,3,FALSE
ZA,2e3,B,1,FALSE
ZA,2001,B,1,FALSE
ZA,2002,B,3,FALSE
ZA,2003,B,3,FALSE
ZA,2004,B,12,FALSE
ZA,2005,B,17,FALSE
ZA,2006,B,1,FALSE
ZA,2007,B,4,FALSE
ZA,2008,B,11,FALSE
ZA,2009,B,12,FALSE
ZA,2010,B,6,FALSE
ZA,2011,B,1,FALSE
ZA,2012,B,8,FALSE
ZA,2013,B,5,FALSE
ZA,2014,B,8,FALSE
ZA,2015,B,2,FALSE
ZM,1970,A,1,FALSE
